Date,Description,Original Description,Category,Amount,Status
2026-02-05,"OPENAI *CHATGPT SUBS             020526","OPENAI *CHATGPT SUBS             020526",Category Pending,-64.80,Pending
2026-02-05,"BURGER KING #1416                020526","BURGER KING #1416                020526",Category Pending,-3.22,Pending
2026-02-05,"SPIEDIE AND RIB PIT              020526","SPIEDIE AND RIB PIT              020526",Category Pending,-26.51,Pending
2026-02-06,"AMAZON PRIME PMTS                020626","AMAZON PRIME PMTS                020626",Category Pending,-2.99,Pending
2026-02-05,"Binghamton Mobi","BINGHAMTON MOBI          BINGHAMTON   NY",Cash,-113.50,Posted
2026-02-05,"Bartles Pharmacy","BARTLES PHARMACY         OXFORD       NY",Pharmacy,-15.00,Posted
2026-02-05,"ATM Fee Rebate","ATM REBATE",Atm Fee,3.50,Posted
2026-02-04,"Bartles Pharmacy","BARTLES PHARMACY         OXFORD       NY",Pharmacy,-38.35,Posted
2026-02-04,"Amazon","AMAZON MKTPL*B76LO22Z3   Amzn.com/billWA",Shopping,-5.39,Posted
2026-02-04,"Stewart's Shops","STEWART'S SHOP # 476     OXFORD       NY",Gas,-3.89,Posted
2026-02-03,"Amazon","AMAZON.COM               SEATTLE      WA",Shopping,-25.05,Posted
2026-02-03,"YouTube Premium","Google YouTubePremium    650-2530000  CA",Entertainment,-22.99,Posted
2026-02-03,"Amazon","AMAZON.COM               SEATTLE      WA",Shopping,-17.10,Posted
2026-02-03,"Amazon","AMAZON.COM               SEATTLE      WA",Shopping,-17.10,Posted
2026-02-03,"Burger King","BURGER KING #2019        https://prod.NY",Fast Food,-4.84,Posted
2026-02-03,"Mobile Deposit","DEPOSIT@MOBILE",Income,1000.00,Posted
2026-02-02,"Barnes & Noble","Barnes & Noble 390 Hack  Hackensack   NM",Books,-174.21,Posted
2026-02-02,"Price Chopper","PRICE CHOPPER #161       NORWICH      NY",Groceries,-134.29,Posted
2026-02-02,"Food & Merch","RCMH FOOD & MERCH        NEW YORK     NY",Food & Dining,-130.00,Posted
2026-02-02,"Binghamton Mobi","BINGHAMTON MOBI          BINGHAMTON   NY",Cash,-118.50,Posted
2026-02-02,"The Cheesecake Factory","CHEESECAKE HACKENSACK    HACKENSACK   NJ",Restaurants,-93.61,Posted
2026-02-02,"Amazon","AMAZON.COM               SEATTLE      WA",Shopping,-86.76,Posted
2026-02-02,"Rosie O'grady's","ROSIE O'GRADY'S          NEW YORK     NY",Alcohol & Bars,-62.74,Posted
2026-02-02,"Metropolis","METROPOLIS PARKING       METROPOLIS.IOTN",Parking,-39.20,Posted
2026-02-02,"CITGO","CITGO GUILFORD D         GUILFORD     NY",Gas,-37.20,Posted
2026-02-02,"The Cheesecake Factory","CHEESECAKE HACKENSACK    HACKENSACK   NJ",Restaurants,-23.94,Posted
2026-02-02,"Wendy's","WENDY'S #4917            ONEONTA      NY",Fast Food,-14.03,Posted
2026-02-02,"Burger King","BURGER KING #1416        https://prod.NY",Fast Food,-12.57,Posted
2026-02-02,"Sonic","SONIC DRIVE IN #6120     817-428-2077 NY",Fast Food,-12.00,Posted
2026-02-02,"Burger King","BURGER KING #2876        https://prod.NY",Fast Food,-9.06,Posted
2026-02-02,"Huggingface Cny","HUGGINGFACE              HUGGINGFACE.CNY",Electronics & Software,-9.00,Posted
2026-02-02,"Nintendo","Nintendo CD1557188913    800-2553700  WA",Electronics & Software,-4.31,Posted
2026-02-02,"ATM Fee Rebate","ATM REBATE",Atm Fee,3.50,Posted
2026-01-30,"American Express Credit Card","AMEX EPAYMENT    ACH PMT    ***********7436",Credit Card Payment,-200.00,Posted
2026-01-30,"Vestal Dental Associat","VESTAL DENTAL ASSOCIAT   VESTAL       NY",Dentist,-813.83,Posted
2026-01-30,"Amazon","AMAZON.COM               SEATTLE      WA",Shopping,-140.62,Posted
2026-01-30,"Amazon","AMAZON.COM               SEATTLE      WA",Shopping,-43.17,Posted
2026-01-30,"Wansor Moses Chiropract","WANSOR-MOSES CHIROPRACT  NORWICH      NY",Doctor,-37.76,Posted
2026-01-30,"Amazon","AMAZON.COM               SEATTLE      WA",Shopping,-18.35,Posted
2026-01-30,"Amazon","AMAZON.COM               SEATTLE      WA",Shopping,-18.35,Posted
2026-01-30,"discovery+","discovery+ help.discoverydiscoveryplusTN",Television,-9.99,Posted
2026-01-30,"Amazon","AMAZON.COM               SEATTLE      WA",Shopping,-9.17,Posted
2026-01-30,"Amazon","AMAZON.COM               SEATTLE      WA",Shopping,-6.79,Posted
2026-01-29,"Amazon","AMAZON.COM               SEATTLE      WA",Shopping,-20.41,Posted
2026-01-29,"Amazon","AMAZON.COM               SEATTLE      WA",Shopping,-18.42,Posted
2026-01-29,"Burger King","BURGER KING #17398       https://prod.NY",Fast Food,-15.11,Posted
2026-01-29,"Sonic","SONIC DRIVE IN #6120     817-428-2077 NY",Fast Food,-8.00,Posted
2026-01-29,"Amazon","AMAZON.COM               SEATTLE      WA",Shopping,40.83,Posted
2026-01-28,"Amazon","AMAZON.COM               SEATTLE      WA",Shopping,-31.19,Posted
2026-01-28,"NYSLRS Pension","NYSLRS           PENSION PR ***********8282",Income,644.97,Posted
2026-01-28,"Defense Finance and Accounting Service","DFAS-CLEVELAND   ALLOTMENT  ***********2248",Paycheck,500.00,Posted
2026-01-27,"Amazon","AMAZON.COM               SEATTLE      WA",Shopping,-176.63,Posted
2026-01-27,"Pizza Hut","PIZZA HUT 041764         https://ipchaNY",Fast Food,-31.31,Posted
2026-01-27,"Amazon Prime Membership","AMAZON PRIME*4G93B7Q83   888-802-3080 WA",Shopping,-19.99,Posted
2026-01-26,"Walmart","WM SUPERCENTER #2120     NORWICH      NY",Shopping,-102.17,Posted
2026-01-26,"Netflix","Netflix.com              408-5403700  CA",Television,-26.99,Posted
2026-01-23,"Burger King","BURGER KING #2019        https://prod.NY",Fast Food,-12.13,Posted
2026-01-21,"Wendy's","WENDY'S FRONT ST.        BINGHAMTON   NY",Fast Food,-18.57,Posted
2026-01-20,"Regal Cinemas","REGALCINEMASUNLIMITED    877-835-5734 TN",Movies & Dvds,-24.49,Posted
2026-01-20,"Regal Cinemas","REGALCINEMASUNLIMITED    877-835-5734 TN",Movies & Dvds,-24.49,Posted
2026-01-20,"Burger King","BURGER KING #2019        https://prod.NY",Fast Food,-14.71,Posted
2026-01-20,"Target","TARGET T-1056            Vestal       NY",Shopping,-3.29,Posted
2026-01-20,"Regal Cinemas","REGAL CINEMAS INC        877-835-5734 TN",Movies & Dvds,-1.00,Posted
2026-01-16,"USAA Loan Payment","USAA LOAN PAYMENT",Financial,-1088.00,Posted
2026-01-16,"Wansor Moses Chiropract","WANSOR-MOSES CHIROPRACT  NORWICH      NY",Doctor,-75.52,Posted
2026-01-16,"Walmart+","WMT PLUS Jan 2026        800-966-6546 AR",Shopping,-13.99,Posted
2026-01-16,"Social Security","SSA  TREAS 310   XXSOC SEC  *********** SSA",Income,3097.00,Posted
2026-01-15,"Starlink","Starlink                 www.starlink.CA",Internet,-120.00,Posted
2026-01-15,"Amazon","AMZN Digital*AJ4LS4FM3   888-802-3080 WA",Entertainment,-59.99,Posted
2026-01-15,"Burger King","BURGER KING #2019        https://prod.NY",Fast Food,-29.54,Posted
2026-01-15,"Google One","Google One               650-2530000  CA",Electronics & Software,-21.59,Posted
2026-01-14,"Interest Paid","INTEREST PAID",Interest Income,0.01,Posted
2026-01-14,"AT&T","ATT              PAYMENT    ***********PAYW",Bills & Utilities,-256.70,Posted
2026-01-14,"Defense Finance and Accounting Service","DFAS-CLEVELAND   ALLOTMENT  ***********2248",Paycheck,500.00,Posted
2026-01-13,"Amazon","AMAZON MKTPL*2G9A223R3   Amzn.com/billWA",Shopping,-119.08,Posted
2026-01-13,"Amazon","AMAZON.COM               SEATTLE      WA",Shopping,-43.16,Posted
2026-01-13,"Amazon","AMAZON.COM               SEATTLE      WA",Shopping,-39.96,Posted
2026-01-13,"Amazon","AMAZON.COM               SEATTLE      WA",Shopping,-10.35,Posted
2026-01-13,"Burger King","BURGER KING #2019  Q07   NORWICH      NY",Fast Food,-2.47,Posted
2026-01-12,"Nintendo","PAYPAL *NINTENDOAME      402-935-7733 WA",Electronics & Software,-75.59,Posted
2026-01-12,"Price Chopper","PRICE CHOPPER #161       NORWICH      NY",Groceries,-45.41,Posted
2026-01-12,"Spiedie and Rib Pit","SPIEDIE AND RIB PIT      BINGHAMTON   NY",Restaurants,-40.20,Posted
2026-01-12,"Amazon","AMAZON MKTPL*PY0E979T3   Amzn.com/billWA",Shopping,-20.28,Posted
2026-01-12,"Wendy's","WENDY'S FRONT ST.        BINGHAMTON   NY",Fast Food,-14.35,Posted
2026-01-12,"Amazon","AMAZON.COM               SEATTLE      WA",Shopping,-10.35,Posted
2026-01-12,"Amazon","AMAZON.COM               SEATTLE      WA",Shopping,-10.35,Posted
2026-01-12,"Burger King","BURGER KING #1416        https://prod.NY",Fast Food,-3.62,Posted
2026-01-12,"Regal","REGAL BINGHAMTON  1732   BINGHAMTON   NY",Movies & Dvds,-0.98,Posted
2026-01-09,"American Express Credit Card","AMEX EPAYMENT    ACH PMT    ***********9492",Credit Card Payment,-300.00,Posted
2026-01-09,"Jersey Mike's Subs","JERSEY MIKES ONLINE UC   https://prod.NJ",Fast Food,-19.25,Posted
2026-01-09,"Sonic","SONIC DRIVE IN #6120     817-428-2077 NY",Fast Food,-13.30,Posted
2026-01-07,"Amazon","AMAZON PRIME*HR0PJ8LT3   amzn.com/billWA",Shopping,-2.99,Posted
2026-01-07,"Mobile Deposit","DEPOSIT@MOBILE",Income,400.00,Posted
2026-01-07,"Mobile Deposit","DEPOSIT@MOBILE",Income,100.00,Posted
2026-01-06,"OpenAI","OPENAI *CHATGPT SUBSCR   OPENAI.COM   CA",Business Services,-64.80,Posted
2026-01-05,"Auchinachie Services","AUCHINACHIE SERVICES     607-7227234  NY",Home Improvement,-659.15,Posted
2026-01-05,"Auchinachie Services","AUCHINACHIE SERVICES     607-7227234  NY",Home Improvement,-574.56,Posted
2026-01-05,"Pizza Hut","PIZZA HUT 041764         https://ipchaNY",Fast Food,-46.42,Posted
2026-01-05,"Five Guys","FIVE GUYS NY 1820 ECOM   407-952-2524 NY",Fast Food,-43.23,Posted
2026-01-05,"YouTube Premium","Google YouTubePremium    650-2530000  CA",Entertainment,-22.99,Posted
2026-01-05,"USAA Transfer","USAA FUNDS TRANSFER CR",Transfer,644.00,Posted
2026-01-02,"Check #995003","CHECK # 0000995003",Check,-37.50,Posted
2026-01-02,"Check #995002","CHECK # 0000995002",Check,-37.50,Posted
2026-01-02,"Burger King","BURGER KING #2019        https://prod.NY",Fast Food,-21.23,Posted
2026-01-02,"Huggingface Cny","HUGGINGFACE              HUGGINGFACE.CNY",Electronics & Software,-6.07,Posted
2026-01-02,"Nintendo","Nintendo CD1536602751    800-2553700  WA",Electronics & Software,-4.31,Posted
2026-01-02,"Sam's Club","SAMS CLUB #6366          607-770-6200 NY",Shopping,-0.96,Posted
2026-01-02,"Walmart","WM SUPERCENTER #2120     NORWICH      NY",Shopping,34.96,Posted
2025-12-31,"Sam's Club","SAMS CLUB #6366          VESTAL       NY",Shopping,-565.66,Posted
2025-12-31,"Loft","LOFT 1615 SHOPPES@PI     VESTAL       NY",Clothing,-207.73,Posted
2025-12-31,"Barnes & Noble","BARNESNOBLE 2443 Vestal  Vestal       NY",Books,-182.02,Posted
2025-12-31,"Regal Cinemas","REGAL CINEMAS INC        877-835-5734 TN",Movies & Dvds,-1.50,Posted
2025-12-30,"discovery+","discovery+               012-3456789  TN",Television,-9.99,Posted
2025-12-30,"Defense Finance and Accounting Service","DFAS-CLEVELAND   ALLOTMENT  ***********2248",Paycheck,500.00,Posted
2025-12-29,"Burger King","BURGER KING #2019        https://prod.NY",Fast Food,-33.00,Posted
2025-12-29,"NYSLRS Pension","NYSLRS           PENSION PR ***********6948",Income,644.97,Posted
2025-12-26,"Ikeanortham Ike","PAYPAL *IKEANORTHAM IKE  888-888-4532 PA",Furnishings,-279.63,Posted
2025-12-26,"Five Guys","FIVE GUYS NY 1820 QSR    ONEONTA      NY",Fast Food,-39.91,Posted
2025-12-26,"Netflix","Netflix.com              netflix.com  CA",Television,-26.99,Posted
2025-12-26,"Pizza Hut","PIZZA HUT 041764         https://ipchaNY",Fast Food,-21.60,Posted
2025-12-26,"Burger King","BURGER KING #11695       https://prod.NY",Fast Food,-13.51,Posted
2025-12-26,"Groupon","PAYPAL *GROUPON INC      888-664-4482 KY",Shopping,-8.99,Posted
2025-12-24,"Walmart","WM SUPERCENTER #2262     ONEONTA      NY",Shopping,-278.86,Posted
2025-12-23,"Wendy's","WENDY'S FRONT ST.        BINGHAMTON   NY",Fast Food,-32.37,Posted
2025-12-22,"Amazon Prime Membership","AMAZON PRIME*UZ9RI28N3   Amzn.com/billWA",Shopping,-150.12,Posted
2025-12-22,"Jersey Mike's Subs","JERSEY MIKES ONLINE UC   https://prod.NJ",Fast Food,-38.31,Posted
2025-12-22,"Wikipedia","PAYPAL *WIKIPEDIA WIKIM  415-839-6885 CA",Charity,-15.00,Posted
2025-12-22,"Regal Cinemas","REGAL CINEMAS INC        877-835-5734 TN",Movies & Dvds,-1.50,Posted
2025-12-22,"Regal Cinemas","REGAL CINEMAS INC        877-835-5734 TN",Movies & Dvds,-1.50,Posted
2025-12-19,"Burger King","BURGER KING #140         https://prod.MA",Fast Food,-29.10,Posted
2025-12-19,"Wendy's","WENDY'S ROTTERDAM        HASBROUCK HEINJ",Fast Food,-25.77,Posted
2025-12-19,"Mobile Deposit","DEPOSIT@MOBILE",Income,51.00,Posted
2025-12-18,"Magros","MAGROS NORWICH           NORWICH      NY",Restaurants,-43.80,Posted
2025-12-17,"Expedia","PAYPAL *EXPEDIA.COM      877-903-0071 WA",Travel,-379.62,Posted
2025-12-17,"Mirabito","MIRABITO16 RT 23 NORWICH NORWICH      NY",Gas,-41.20,Posted
2025-12-17,"Regal Cinemas","REGALCINEMASUNLIMITED    877-835-5734 TN",Movies & Dvds,-24.49,Posted
2025-12-17,"Regal Cinemas","REGALCINEMASUNLIMITED    877-835-5734 TN",Movies & Dvds,-24.49,Posted
2025-12-17,"Khanda Food Mart","KHANDA FOOD MART         ROTTERDAM    NY",Gas,-13.23,Posted
2025-12-17,"Khanda Food Mart","KHANDA FOOD MART         ROTTERDAM    NY",Food & Dining,-7.97,Posted
2025-12-17,"Sam's Club","SAMS CLUB #6366          VESTAL       NY",Shopping,58.95,Posted
2025-12-17,"Defense Finance and Accounting Service","DFAS-CLEVELAND   ALLOTMENT  ***********2248",Paycheck,500.00,Posted
2025-12-16,"Sam's Club","SAMSCLUB #6366           VESTAL       NY",Shopping,-355.04,Posted
2025-12-16,"Spiedie and Rib Pit","SPIEDIE AND RIB PIT      BINGHAMTON   NY",Restaurants,-25.36,Posted
2025-12-16,"Walmart+","WMT PLUS Dec 2025        800-966-6546 AR",Shopping,-13.99,Posted
2025-12-16,"Sam's Club","SAMSCLUB #6366           VESTAL       NY",Shopping,32.88,Posted
2025-12-15,"ICPAYMENT","ICPAYMENT",Category Pending,-543.88,Posted
2025-12-15,"AT&T","ATT              PAYMENT    ***********PAYR",Bills & Utilities,-258.14,Posted
2025-12-15,"Starlink","Starlink                 www.starlink.CA",Internet,-120.00,Posted
2025-12-15,"Pizza Hut","PIZZA HUT 041769         https://ipchaNY",Fast Food,-28.07,Posted
2025-12-15,"Burger King","BURGER KING #2019        https://prod.NY",Fast Food,-24.76,Posted
2025-12-15,"Google One","Google One               650-2530000  CA",Electronics & Software,-21.59,Posted
2025-12-15,"Jersey Mike's Subs","JERSEY MIKES ONLINE UC   https://prod.NJ",Fast Food,-21.25,Posted
2025-12-15,"Dollar General","DOLLAR GENERAL #11151    OXFORD       NY",Shopping,-15.24,Posted
2025-12-15,"Burger King","BURGER KING #2019        https://prod.NY",Fast Food,-8.21,Posted
2025-12-15,"Social Security","SSA  TREAS 310   XXSOC SEC  *********** SSA",Income,3025.00,Posted
2025-12-12,"Interest Paid","INTEREST PAID",Interest Income,0.02,Posted
2025-12-12,"Walmart","WM SUPERCENTER #2120     NORWICH      NY",Shopping,-85.94,Posted
2025-12-10,"Burger King","BURGER KING #2019        https://prod.NY",Fast Food,-33.09,Posted
2025-12-10,"Nintendo","Nintendo CC1516653723    800-2553700  WA",Electronics & Software,-32.39,Posted
2025-12-10,"Dollar General","DOLLAR GENERAL #11151    OXFORD       NY",Shopping,-23.23,Posted
2025-12-09,"Lowe's","LOWE'S #23               NORWICH      NY",Home Improvement,-217.00,Posted
2025-12-09,"Pizza Hut","PIZZA HUT 041769         https://ipchaNY",Fast Food,-25.46,Posted
2025-12-09,"Stewart's Shops","STEWART'S SHOP # 476     OXFORD       NY",Gas,-16.76,Posted
2025-12-08,"Price Chopper","PRICE CHOPPER #161       NORWICH      NY",Groceries,-184.46,Posted
2025-12-08,"Bartles Pharmacy","BARTLES PHARMACY         OXFORD       NY",Pharmacy,-171.76,Posted
2025-12-08,"OpenAI","OPENAI *CHATGPT SUBSCR   OPENAI.COM   CA",Business Services,-64.80,Posted
2025-12-08,"Jersey Mike's Subs","JERSEY MIKES ONLINE UC   https://prod.NJ",Fast Food,-19.25,Posted
2025-12-08,"Amazon","AMAZON PRIME*BI9AS0BH0   amzn.com/billWA",Shopping,-2.99,Posted
2025-12-08,"Regal Cinemas","REGAL CINEMAS INC        877-835-5734 TN",Movies & Dvds,-1.00,Posted
2025-12-05,"Tractor Supply","TRACTOR SUPPLY #720      NORWICH      NY",Shopping,-359.93,Posted
2025-12-05,"Regal","REGAL BINGHAMTON  1732   BINGHAMTON   NY",Movies & Dvds,-9.73,Posted
2025-12-04,"Tractor Supply","TRACTOR SUPPLY #720      NORWICH      NY",Shopping,-55.00,Posted
2025-12-04,"Huggingface Cny","HUGGINGFACE              HUGGINGFACE.CNY",Electronics & Software,-9.00,Posted
2025-12-04,"Stewart's Shops","STEWART'S SHOP # 476     OXFORD       NY",Gas,-7.68,Posted
2025-12-03,"Expedia","EXPEDIA 72068855823936   EXPEDIA.COM  WA",Travel,-248.70,Posted
2025-12-03,"Stewart's Shops","STEWART'S SHOP # 40 N C  OXFORD       NY",Gas,-43.80,Posted
2025-12-03,"YouTube Premium","Google YouTubePremium    650-2530000  CA",Entertainment,-22.99,Posted
2025-12-03,"Defense Finance and Accounting Service","DFAS-CLEVELAND   ALLOTMENT  ***********2248",Paycheck,500.00,Posted
2025-12-02,"Wikimedia Foundation","Wikimedia                San FranciscoCA",Charity,-11.55,Posted
2025-12-02,"Nintendo","Nintendo CD1512180632    800-2553700  WA",Electronics & Software,-4.31,Posted
2025-12-01,"Vestal Nails & Spa","VESTAL NAILS & SPA       VESTAL       NY",Personal Care,-125.00,Posted
2025-12-01,"Texas Roadhouse","TEXAS ROADHOUSE #2163    VESTAL       NY",Restaurants,-55.79,Posted
2025-12-01,"Walmart","WAL-MART #2120           NORWICH      NY",Shopping,-53.97,Posted
2025-12-01,"Bloom Designs","BLOOM DESIGNS J          ONEONTA      NY",Cash,-53.50,Posted
2025-12-01,"Amazon","AMAZON MKTPL*BB2TN3QW2   Amzn.com/billWA",Shopping,-41.01,Posted
2025-12-01,"Amazon","AMAZON MKTPL*BB2LT5ID2   Amzn.com/billWA",Shopping,-34.55,Posted
2025-12-01,"Aerolite","PAYPAL *AEROLITE         520-742-3333 AZ",Furnishings,-30.02,Posted
2025-12-01,"Burger King","BURGER KING #2019        https://prod.NY",Fast Food,-15.44,Posted
2025-12-01,"discovery+","discovery+               012-3456789  TN",Television,-9.99,Posted
2025-11-28,"Sam's Club","SAMSCLUB.COM             888-746-7726 AR",Shopping,-410.02,Posted
2025-11-28,"Price Chopper","PRICE CHOPPER #161       NORWICH      NY",Groceries,-153.53,Posted
2025-11-28,"Ocooch Hardwoods","OCOOCH HARDWOODS         608-4666470  WI",Home,-74.49,Posted
2025-11-28,"Burger King","BURGER KING #2019        https://prod.NY",Fast Food,-36.31,Posted
2025-11-28,"Dollar Tree","DOLLAR TREE              NORWICH      NY",Shopping,-19.98,Posted
2025-11-26,"Marshalls","MARSHALLS #1488          NORWICH      NY",Shopping,-467.67,Posted
2025-11-26,"Spiedie and Rib Pit","SPIEDIE AND RIB PIT      BINGHAMTON   NY",Restaurants,-33.26,Posted
2025-11-25,"Stewart's Shops","STEWART'S SHOP # 40 N C  OXFORD       NY",Gas,-46.22,Posted
2025-11-25,"Netflix","Netflix.com              netflix.com  CA",Television,-26.99,Posted
2025-11-25,"NYSLRS Pension","NYSLRS           PENSION PR ***********6390",Income,644.97,Posted
2025-11-24,"CHECK # 0000001307","CHECK # 0000001307",Category Pending,-1800.00,Posted
2025-11-24,"American Express Credit Card","AMEX EPAYMENT    ACH PMT    ***********6396",Credit Card Payment,-49.76,Posted
2025-11-24,"American Express Credit Card","AMEX EPAYMENT    ACH PMT    ***********5976",Credit Card Payment,-4.53,Posted
2025-11-24,"Ticketmaster","TM *TICKETMASTER         800-653-8000 CA",Entertainment,-517.50,Posted
2025-11-24,"Bloomingdale's","BLOOMINGDALES  .COM      800-289-6229 OH",Shopping,-162.00,Posted
2025-11-24,"Walmart","WM SUPERCENTER #2120     NORWICH      NY",Shopping,-92.45,Posted
2025-11-24,"Walmart","WM SUPERCENTER #2120     NORWICH      NY",Shopping,-91.37,Posted
2025-11-24,"Wansor Moses Chiropract","WANSOR-MOSES CHIROPRACT  NORWICH      NY",Doctor,-36.40,Posted
2025-11-24,"Pizza Hut","PIZZA HUT 041769         https://ipchaNY",Fast Food,-30.23,Posted
2025-11-24,"Amazon","AMAZON MKTPL*B24OO5ZV0   Amzn.com/billWA",Shopping,-15.47,Posted
2025-11-24,"Stewart's Shops","STEWART'S SHOP # 476     OXFORD       NY",Gas,-5.88,Posted
2025-11-21,"Amazon","AMAZON MKTPL*B071J2852   Amzn.com/billWA",Shopping,-38.83,Posted
2025-11-20,"Amazon","AMAZON MKTPL*B028M45F2   Amzn.com/billWA",Shopping,-283.85,Posted
2025-11-20,"Amazon","AMAZON MKTPL*B09P635H2   Amzn.com/billWA",Shopping,-26.99,Posted
2025-11-20,"Amazon","AMAZON MKTPL*B09K01PT2   Amzn.com/billWA",Shopping,-17.26,Posted
2025-11-19,"Walmart","WAL-MART #1835           VESTAL       NY",Shopping,-267.59,Posted
2025-11-19,"Revival of Wisdom Newcastle Und","SP REVIVAL OF WISDOM     NEWCASTLE UND",Entertainment,-61.60,Posted
2025-11-19,"Defense Finance and Accounting Service","DFAS-CLEVELAND   ALLOTMENT  ***********2248",Paycheck,500.00,Posted
2025-11-18,"Amazon","AMAZON MKTPL*B00AD6Z72   Amzn.com/billWA",Shopping,-301.74,Posted
2025-11-18,"Barnes & Noble","BARNESNOBLE 2443 Vestal  Vestal       NY",Books,-229.90,Posted
2025-11-18,"Bloom Designs","BLOOM DESIGNS J          ONEONTA      NY",Cash,-118.50,Posted
2025-11-18,"Bambulabusa","PAYPAL *BAMBULABUSA      512-915-9986 TX",Business Services,-72.32,Posted
2025-11-18,"Binghamton Mobi","BINGHAMTON MOBI          BINGHAMTON   NY",Cash,-68.50,Posted
2025-11-18,"Speedway","SPEEDWAY 21186           BINGHAMTON   NY",Gas,-41.88,Posted
2025-11-18,"Canal Street Hardware","CANAL STREET HARDWARE    OXFORD       NY",Home Improvement,-14.06,Posted
2025-11-18,"ATM Fee Rebate","ATM REBATE",Atm Fee,3.50,Posted
2025-11-18,"ATM Fee Rebate","ATM REBATE",Atm Fee,3.00,Posted
2025-11-17,"Barnes & Noble","BARNESNOBLE 2443 Vestal  Vestal       NY",Books,-377.77,Posted
2025-11-17,"Boot Barn","Boot Barn #468           Vestal       NY",Clothing,-331.84,Posted
2025-11-17,"Walmart","WAL-MART #2120           NORWICH      NY",Shopping,-306.77,Posted
2025-11-17,"Walmart","Walmart.com              Bentonville  AR",Shopping,-288.85,Posted
2025-11-17,"Amazon","AMAZON.COM               SEATTLE      WA",Shopping,-195.05,Posted
2025-11-17,"AMAZON MKTPL*B85N89PY2   Amzn.com/billWA","AMAZON MKTPL*B85N89PY2   Amzn.com/billWA",Category Pending,-135.45,Posted
2025-11-17,"Amazon","AMAZON MKTPL*B86M217E0   Amzn.com/billWA",Shopping,-134.90,Posted
2025-11-17,"Starlink","Starlink                 www.starlink.CA",Internet,-120.00,Posted
2025-11-17,"Sacred Pyramid","SACRED PYRAMID           ONEONTA      NY",Cash,-63.50,Posted
2025-11-17,"Amazon","AMAZON MKTPL*B82VX4KU2   Amzn.com/billWA",Shopping,-36.71,Posted
2025-11-17,"Spiedie and Rib Pit","SPIEDIE AND RIB PIT      BINGHAMTON   NY",Restaurants,-34.03,Posted
2025-11-17,"Amazon","AMAZON MKTPL*B88690RU1   Amzn.com/billWA",Shopping,-32.39,Posted
2025-11-17,"Amazon","AMAZON MKTPL*B88959DD0   Amzn.com/billWA",Shopping,-29.15,Posted
2025-11-17,"Regal Cinemas","REGALCINEMASUNLIMITED    877-835-5734 TN",Movies & Dvds,-24.49,Posted
2025-11-17,"Regal Cinemas","REGALCINEMASUNLIMITED    877-835-5734 TN",Movies & Dvds,-24.49,Posted
2025-11-17,"Amazon","AMAZON MKTPL*B88B54QS2   Amzn.com/billWA",Shopping,-23.02,Posted
2025-11-17,"Amazon","AMAZON.COM               SEATTLE      WA",Shopping,-22.56,Posted
2025-11-17,"Google One","Google One               650-2530000  CA",Electronics & Software,-21.59,Posted
2025-11-17,"Amazon","AMAZON.COM               SEATTLE      WA",Shopping,-17.28,Posted
2025-11-17,"Amazon","AMAZON MKTPL*B86C40231   Amzn.com/billWA",Shopping,-17.27,Posted
2025-11-17,"Amazon","AMAZON.COM               SEATTLE      WA",Shopping,-16.31,Posted
2025-11-17,"Amazon","AMAZON.COM               SEATTLE      WA",Shopping,-16.09,Posted
2025-11-17,"Walmart+","WMT PLUS Nov 2025        800-966-6546 AR",Shopping,-13.99,Posted
2025-11-17,"Amazon","AMAZON MKTPL*B88NN2SS2   Amzn.com/billWA",Shopping,-10.79,Posted
2025-11-17,"Amazon","AMAZON.COM               SEATTLE      WA",Shopping,-9.40,Posted
2025-11-17,"Amazon","AMAZON MKTPL*B888M87J2   Amzn.com/billWA",Shopping,-8.51,Posted
2025-11-17,"Dick's Warehouse","Dicks Warehouse Sale     Vestal       NY",Sporting Goods,41.59,Posted
2025-11-17,"ATM Fee Rebate","ATM REBATE",Atm Fee,3.50,Posted
2025-11-17,"Social Security","SSA  TREAS 310   XXSOC SEC  *********** SSA",Income,3025.00,Posted
2025-11-14,"Interest Paid","INTEREST PAID",Interest Income,0.10,Posted
2025-11-14,"AT&T","ATT              PAYMENT    ***********PAYN",Bills & Utilities,-242.94,Posted
2025-11-14,"Walmart","Walmart.com              Bentonville  AR",Shopping,-229.35,Posted
2025-11-14,"Loft","LOFT.COM #612            WWW.LOFT.COM NY",Clothing,-209.39,Posted
2025-11-14,"Aerolite","PAYPAL *AEROLITE         520-742-3333 AZ",Furnishings,-153.00,Posted
2025-11-14,"Stewart's Shops","STEWART'S SHOP # 40 N C  OXFORD       NY",Gas,-46.77,Posted
2025-11-14,"Burger King","BURGER KING #2019        https://prod.NY",Fast Food,-30.75,Posted
2025-11-14,"Stewart's Shops","STEWART'S SHOP # 476     OXFORD       NY",Gas,-14.47,Posted
2025-11-14,"Loft","LOFT.COM #612            WWW.LOFT.COM NY",Clothing,-6.00,Posted
2025-11-13,"ICPayment","ICPAYMENT",Transfer,-543.88,Posted
2025-11-13,"Blueox Corp","Blueox Corp              607-843-2583 NY",Gas,-313.38,Posted
2025-11-12,"PlayStation","PLAYSTATION DIRECT       800-308-7669 CA",Electronics & Software,-21.59,Posted
2025-11-12,"Pizza Hut","PIZZA HUT 041764         https://ipchaNY",Fast Food,-15.11,Posted
2025-11-12,"Microsoft Store","MICROSOFT*STORE          MSBILL.INFO  WA",Entertainment,-15.00,Posted
2025-11-10,"Tractor Supply","TRACTOR SUPPLY   ONLINE PMT ***********9720",Shopping,-4677.01,Posted
2025-11-10,"Barclaycard","BARCLAYCARD US   CREDITCARD ***********6353",Credit Card Payment,-4357.50,Posted
2025-11-10,"L.L.Bean MasterCard Payment","LLBEANMASTERCARD ONLINE PMT ***********5965",Credit Card Payment,-2222.00,Posted
2025-11-10,"TJX Rewards Credit Card","TJX Rew MstrCRD  SYF PAYMNT ***********1748",Credit Card Payment,-1812.53,Posted
2025-11-10,"USAA Funds Transfer DB","USAA FUNDS TRANSFER DB",Transfer,-788.00,Posted
2025-11-10,"Sam's Club","SAMS CLUB #6366          VESTAL       NY",Shopping,-534.81,Posted
2025-11-10,"Barnes & Noble","BARNESNOBLE 2443 Vestal  Vestal       NY",Books,-225.46,Posted
2025-11-10,"TJ Maxx","T J MAXX #1164           ONEONTA      NY",Shopping,-220.62,Posted
2025-11-10,"Price Chopper","PRICE CHOPPER #161       NORWICH      NY",Groceries,-155.98,Posted
2025-11-10,"Tractor Supply","TRACTOR SUPPLY #720      NORWICH      NY",Shopping,-110.30,Posted
2025-11-10,"Binghamton Mobi","BINGHAMTON MOBI          BINGHAMTON   NY",Cash,-68.50,Posted
2025-11-10,"Stewart's Shops","STEWART'S SHOP # 40 N C  OXFORD       NY",Gas,-46.95,Posted
2025-11-10,"Amazon","AMAZON MKTPL*BT0417OF2   Amzn.com/billWA",Shopping,-35.59,Posted
2025-11-10,"Amazon","AMAZON.COM               SEATTLE      WA",Shopping,-13.38,Posted
2025-11-10,"Sam's Club","SAMSCLUB #6366           VESTAL       NY",Shopping,-1.92,Posted
2025-11-07,"Barnes & Noble","BARNESNOBLE 2443 Vestal  Vestal       NY",Books,-384.16,Posted
2025-11-07,"Amazon","AMAZON.COM               SEATTLE      WA",Shopping,-68.03,Posted
2025-11-07,"Dollar General","DOLLAR GENERAL #11151    OXFORD       NY",Shopping,-7.67,Posted
2025-11-07,"Barnes & Noble","BARNESNOBLE 2443 Vestal  Vestal       NY",Books,-3.73,Posted
2025-11-06,"Bartles Pharmacy","BARTLES PHARMACY         OXFORD       NY",Pharmacy,-166.60,Posted
2025-11-06,"OpenAI","OPENAI *CHATGPT SUBSCR   OPENAI.COM   CA",Business Services,-64.80,Posted
2025-11-06,"Albanyvitalstats","VCN*ALBANYVITALSTATS     866-255-1857 NY",Uncategorized,-38.50,Posted
2025-11-06,"NYSLRS Pension","NYSLRS           PENSION PR ***********4473",Income,15603.33,Posted
2025-11-05,"Ticketmaster","TM *BRANDI CARLILE       800-653-8000 CA",Entertainment,-766.35,Posted
2025-11-05,"Burger King","BURGER KING #2019        https://prod.NY",Fast Food,-6.22,Posted
2025-11-05,"Sam's Club","SAMS CLUB #6366          VESTAL       NY",Shopping,64.78,Posted
2025-11-03,"Check #1284","CHECK # 0000001284",Check,-200.00,Posted
2025-11-03,"USAA Funds Transfer DB","USAA FUNDS TRANSFER DB",Transfer,-500.00,Posted
2025-11-03,"Binghamton Mobi","BINGHAMTON MOBI          BINGHAMTON   NY",Cash,-143.50,Posted
2025-11-03,"Sam's Club","SAMS CLUB #6366          VESTAL       NY",Shopping,-128.10,Posted
2025-11-03,"Dick's Warehouse","Dicks Warehouse Sale     Vestal       NY",Sporting Goods,-115.38,Posted
2025-11-03,"Barnes & Noble","BARNESNOBLE 2443 Vestal  Vestal       NY",Books,-114.32,Posted
2025-11-03,"HomeGoods","HOMEGOODS #214           VESTAL       NY",Furnishings,-102.92,Posted
2025-11-03,"Stewart's Shops","STEWART'S SHOP # 40 N C  OXFORD       NY",Gas,-49.10,Posted
2025-11-03,"Stewart's Shops","STEWART'S SHOP # 40 N C  OXFORD       NY",Gas,-30.90,Posted
2025-11-03,"YouTube Premium","Google YouTubePremium    650-2530000  CA",Entertainment,-22.99,Posted
2025-11-03,"Red Lobster","RED LOBSTER 0180         607-754-3787 NY",Restaurants,-22.67,Posted
2025-11-03,"Burger King","BURGER KING #1416        https://prod.NY",Fast Food,-18.15,Posted
2025-11-03,"Burger King","BURGER KING #2019        https://prod.NY",Fast Food,-17.95,Posted
2025-11-03,"Nintendo","Nintendo CD1494483399    800-2553700  WA",Electronics & Software,-4.31,Posted
2025-11-03,"Regal Cinemas","REGAL CINEMAS INC        877-835-5734 TN",Movies & Dvds,-1.00,Posted
2025-11-03,"Regal Cinemas","REGAL CINEMAS INC        877-835-5734 TN",Movies & Dvds,-1.00,Posted
2025-10-31,"Walmart","WM SUPERCENTER #2120     NORWICH      NY",Shopping,-235.57,Posted
2025-10-30,"Lowe's","LOWE'S #23               NORWICH      NY",Home Improvement,-333.00,Posted
2025-10-30,"Sam's Club","SAMSCLUBCONTACTS         844-223-1930 FL",Shopping,-223.52,Posted
2025-10-30,"Jersey Mike's Subs","JERSEY MIKES ONLINE UC   https://prod.NJ",Fast Food,-18.25,Posted
2025-10-30,"discovery+","discovery+               012-3456789  TN",Television,-9.99,Posted
2025-10-29,"Pizza Hut","PIZZA HUT 041764         https://ipchaNY",Fast Food,-19.44,Posted
2025-10-29,"Regal Cinemas","REGAL CINEMAS INC        877-835-5734 TN",Movies & Dvds,-1.00,Posted
2025-10-29,"NYSLRS Pension","NYSLRS           PENSION PR ***********7101",Income,644.97,Posted
2025-10-27,"HomeGoods","HOMEGOODS #214           VESTAL       NY",Furnishings,-342.63,Posted
2025-10-27,"Marshalls","MARSHALLS #1488          NORWICH      NY",Shopping,-162.60,Posted
2025-10-27,"Price Chopper","PRICE CHOPPER #234       BINGHAMTON   NY",Groceries,-94.13,Posted
2025-10-27,"Walmart","WAL-MART #2120           NORWICH      NY",Shopping,-84.96,Posted
2025-10-27,"Netflix","Netflix.com              408-5403700  CA",Television,-26.99,Posted
2025-10-24,"Texas Roadhouse","TEXAS ROADHOUSE #2163    VESTAL       NY",Restaurants,-60.29,Posted
2025-10-24,"Sonic","SONIC DRIVE IN #6120     817-428-2077 NY",Fast Food,-17.79,Posted
2025-10-23,"Bloom Designs","BLOOM DESIGNS J          ONEONTA      NY",Cash,-158.50,Posted
2025-10-23,"Walmart","WAL-MART #2120           NORWICH      NY",Shopping,-154.67,Posted
2025-10-23,"Barnes & Noble","BARNESNOBLE 2443 Vestal  Vestal       NY",Books,-33.42,Posted
2025-10-23,"Stewart's Shops","STEWART'S SHOP # 40 N C  OXFORD       NY",Gas,-30.00,Posted
2025-10-23,"Pizza Hut","PIZZA HUT 041769         https://ipchaNY",Fast Food,-26.98,Posted
2025-10-23,"Nintendo","Nintendo CC1488693599    800-2553700  WA",Electronics & Software,-10.79,Posted
2025-10-23,"ATM Fee Rebate","ATM REBATE",Atm Fee,3.00,Posted
2025-10-22,"Walmart","WAL-MART #2120           NORWICH      NY",Shopping,-538.92,Posted
2025-10-22,"Loft","LOFT 1615 SHOPPES@PIERC  VESTAL       NY",Clothing,-374.71,Posted
2025-10-22,"Spiedie and Rib Pit","SPIEDIE AND RIB PIT      BINGHAMTON   NY",Restaurants,-40.88,Posted
2025-10-22,"Burger King","BURGER KING #2019        https://prod.NY",Fast Food,-37.39,Posted
2025-10-22,"Stewart's Shops","STEWART'S SHOP # 476     OXFORD       NY",Gas,-37.10,Posted
2025-10-21,"Bloom Designs","BLOOM DESIGNS J          ONEONTA      NY",Cash,-108.50,Posted
2025-10-21,"Barnes & Noble","BARNESNOBLE 2443 Vestal  Vestal       NY",Books,-101.48,Posted
2025-10-21,"Bloom Designs","BLOOM DESIGNS J          ONEONTA      NY",Cash,-18.50,Posted
2025-10-21,"ATM Fee Rebate","ATM REBATE",Atm Fee,3.50,Posted
2025-10-21,"ATM Fee Rebate","ATM REBATE",Atm Fee,3.50,Posted
2025-10-20,"New York State Electric & Gas","NYSEG            WEB_PAY    ***********1725",Utilities,-440.07,Posted
2025-10-20,"Sam's Club","SAMSCLUB #6366           VESTAL       NY",Shopping,-487.22,Posted
2025-10-20,"Barnes & Noble","BARNESNOBLE 2443 Vestal  Vestal       NY",Books,-262.15,Posted
2025-10-20,"Notion Labs Inc","NOTION LABS  INC.        NOTION.SO    CA",Business Services,-129.60,Posted
2025-10-20,"Chili's","CHILIS VESTAL            VESTAL       NY",Restaurants,-69.66,Posted
2025-10-20,"Lowe's","LOWE'S #23               NORWICH      NY",Home Improvement,-67.00,Posted
2025-10-20,"Burger King","BURGER KING #2019  Q07   NORWICH      NY",Fast Food,-27.52,Posted
2025-10-20,"Dollar General","DOLLAR GENERAL #11151    OXFORD       NY",Shopping,-8.92,Posted
2025-10-17,"Regal Cinemas","REGALCINEMASUNLIMITED    877-835-5734 TN",Movies & Dvds,-24.49,Posted
2025-10-17,"Regal Cinemas","REGALCINEMASUNLIMITED    877-835-5734 TN",Movies & Dvds,-24.49,Posted
2025-10-17,"Burger King","BURGER KING #1416        https://prod.NY",Fast Food,-16.16,Posted
2025-10-16,"Walmart+","WMT PLUS Oct 2025        800-966-6546 AR",Shopping,-13.99,Posted
2025-10-15,"TJ Maxx","T J MAXX #1164           ONEONTA      NY",Shopping,-421.95,Posted
2025-10-14,"Interest Paid","INTEREST PAID",Interest Income,0.14,Posted
2025-10-14,"L.L.Bean MasterCard Payment","LLBEANMASTERCARD ONLINE PMT ***********8251",Credit Card Payment,-850.00,Posted
2025-10-14,"ICPayment","ICPAYMENT",Transfer,-543.88,Posted
2025-10-14,"American Express Credit Card","AMEX EPAYMENT    ACH PMT    ***********0176",Credit Card Payment,-500.00,Posted
2025-10-14,"Barclaycard","BARCLAYCARD US   CREDITCARD ***********6504",Credit Card Payment,-300.00,Posted
2025-10-14,"Tractor Supply","TRACTOR SUPPLY   ONLINE PMT ***********4544",Shopping,-250.00,Posted
2025-10-14,"AT&T","ATT              PAYMENT    ***********PAYI",Bills & Utilities,-242.70,Posted
2025-10-14,"TJX Rewards Credit Card","TJX Rew MstrCRD  SYF PAYMNT ***********1748",Credit Card Payment,-100.00,Posted
2025-10-14,"Bank Na","NBT BANK NA              OXFORD       NY",Cash,-303.75,Posted
2025-10-14,"Bella Bags","SQ *BELLA BAGS           Cortland     NY",Clothing,-301.32,Posted
2025-10-14,"Joseph Davis","SQ *JOSEPH DAVIS         Cortland     NY",Shopping,-271.08,Posted
2025-10-14,"Beauty Nails Spa","BEAUTY NAILS SPA         ONEONTA      NY",Personal Care,-85.00,Posted
2025-10-14,"Burger King","BURGER KING #1416        https://prod.NY",Fast Food,-9.81,Posted
2025-10-10,"Sacred Bloom","SACRED BLOOM             VESTAL       NY",Cash,-118.50,Posted
2025-10-10,"Speedway","SPEEDWAY 21186           BINGHAMTON   NY",Gas,-35.52,Posted
2025-10-10,"Regal","REGAL BINGHAMTON  1732   BINGHAMTON   NY",Movies & Dvds,-9.45,Posted
2025-10-10,"Regal Cinemas","REGAL CINEMAS INC        877-835-5734 TN",Movies & Dvds,-1.00,Posted
2025-10-10,"Social Security","SSA  TREAS 310   XXSOC SEC  *********** SSA",Income,3025.00,Posted
2025-10-09,"Sam's Club","SAMSCLUB #6366           VESTAL       NY",Shopping,-303.71,Posted
2025-10-09,"Burger King","BURGER KING #17398       https://prod.NY",Fast Food,-12.55,Posted
2025-10-08,"Sacred Bloom","SACRED BLOOM             VESTAL       NY",Cash,-273.50,Posted
2025-10-08,"Oxford","L639320                  OXFORD       NY",Cash,-62.95,Posted
2025-10-08,"Stewart's Shops","STEWART'S SHOP # 40 N C  OXFORD       NY",Gas,-30.02,Posted
2025-10-08,"Defense Finance and Accounting Service","DFAS-CLEVELAND   ALLOTMENT  ***********2248",Paycheck,500.00,Posted
2025-10-07,"Walmart","WM SUPERCENTER #2120     607-334-5553 NY",Shopping,-222.41,Posted
2025-10-07,"Bartles Pharmacy","BARTLES PHARMACY         OXFORD       NY",Pharmacy,-126.44,Posted
2025-10-07,"Pizza Hut","PIZZA HUT 041769         https://ipchaNY",Fast Food,-32.37,Posted
2025-10-06,"Traler Park Inc","SQ *TRALER PARK INC      Nashville    TN",Entertainment,-120.00,Posted
2025-10-03,"Regal Cinemas","REGAL CINEMAS INC        877-835-5734 TN",Movies & Dvds,-1.00,Posted
2025-10-02,"Walmart","WM SUPERCENTER #2120     607-334-5553 NY",Shopping,-216.28,Posted
2025-09-30,"discovery+","discovery+               012-3456789  TN",Television,-9.99,Posted
2025-09-29,"SeatGeek","SeatGeek_Tickets         188-85064101 NY",Entertainment,-319.12,Posted
2025-09-29,"Walmart","WM SUPERCENTER #2120     607-334-5553 NY",Shopping,-129.17,Posted
2025-09-29,"Burger King","BURGER KING #17398       https://prod.NY",Fast Food,-18.28,Posted
2025-09-26,"NYSLRS Pension","NYSLRS           PENSION PR ***********8601",Income,644.97,Posted
2025-09-25,"Regal Cinemas","REGAL CINEMAS INC        877-835-5734 TN",Movies & Dvds,-1.00,Posted
2025-09-24,"Jostens","JOSTENS INC.             800-854-7464 MN",Shopping,-67.63,Posted
2025-09-24,"Mirabito","MIRABITO #112- GREENE    GREENE       NY",Gas,-45.00,Posted
2025-09-24,"Defense Finance and Accounting Service","DFAS-CLEVELAND   ALLOTMENT  ***********2248",Paycheck,500.00,Posted
2025-09-23,"Sacred Bloom","SACRED BLOOM             VESTAL       NY",Cash,-128.50,Posted
2025-09-22,"Tractor Supply","TRACTOR SUPPLY   PAYMENT    ***********2098",Shopping,-2000.00,Posted
2025-09-22,"Capital One Credit Card","CAPITAL ONE      ONLINE PMT ***********2C37",Credit Card Payment,-327.65,Posted
2025-09-22,"Shoe Carnival","SHOE CARNIVAL #584       VESTAL       NY",Clothing,-237.00,Posted
2025-09-22,"Walmart","WAL-MART #2120           NORWICH      NY",Shopping,-142.17,Posted
2025-09-22,"Binghamton Mobi","BINGHAMTON MOBI          BINGHAMTON   NY",Cash,-118.50,Posted
2025-09-22,"Chili's","CHILIS VESTAL            VESTAL       NY",Restaurants,-63.45,Posted
2025-09-22,"CITGO","CITGO JAYNEIL CO         GREENE       NY",Gas,-36.37,Posted
2025-09-22,"Walmart","WALMART.COM 8009256278   BENTONVILLE  AR",Shopping,-30.30,Posted
2025-09-22,"Dollar General","DOLLAR GENERAL #11151    OXFORD       NY",Shopping,-25.00,Posted
2025-09-22,"Spiedie and Rib Pit","SPIEDIE AND RIB PIT      BINGHAMTON   NY",Restaurants,-20.26,Posted
2025-09-22,"Burger King","BURGER KING #1416        https://prod.NY",Fast Food,-15.04,Posted
2025-09-22,"Regal Cinemas","REGAL CINEMAS INC        877-835-5734 TN",Movies & Dvds,-1.00,Posted
2025-09-22,"ATM Fee Rebate","ATM REBATE",Atm Fee,3.00,Posted
2025-09-18,"Burger King","BURGER KING #2019        https://prod.NY",Fast Food,-19.31,Posted
2025-09-17,"Walmart","WAL-MART #2120           NORWICH      NY",Shopping,-179.65,Posted
2025-09-17,"Sacred Bloom","SACRED BLOOM             VESTAL       NY",Cash,-143.50,Posted
2025-09-17,"Regal Cinemas","REGALCINEMASUNLIMITED    877-835-5734 TN",Movies & Dvds,-24.49,Posted
2025-09-17,"Regal Cinemas","REGALCINEMASUNLIMITED    877-835-5734 TN",Movies & Dvds,-24.49,Posted
2025-09-17,"ATM Fee Rebate","ATM REBATE",Atm Fee,3.50,Posted
2025-09-17,"Mobile Deposit","DEPOSIT@MOBILE",Income,8095.00,Posted
2025-09-16,"Red Lobster","RED LOBSTER 0180         607-754-3787 NY",Restaurants,-97.17,Posted
2025-09-16,"Burger King","BURGER KING #2019        https://prod.NY",Fast Food,-14.13,Posted
2025-09-16,"Walmart+","WMT PLUS Sep 2025        800-966-6546 AR",Shopping,-13.99,Posted
2025-09-16,"Sonic","SONIC DRIVE IN #6120     817-428-2077 NY",Fast Food,-7.00,Posted
2025-09-16,"Stewart's Shops","STEWART'S SHOP # 476     OXFORD       NY",Gas,-6.77,Posted
2025-09-16,"Mobile Deposit","DEPOSIT@MOBILE",Income,8095.00,Posted
2025-09-15,"TJX Rewards Credit Card","TJX Rew MstrCRD  SYF PAYMNT ***********1748",Credit Card Payment,-1000.00,Posted
2025-09-15,"Barclaycard","BARCLAYCARD US   CREDITCARD ***********5715",Credit Card Payment,-1000.00,Posted
2025-09-15,"L.L.Bean MasterCard Payment","LLBEANMASTERCARD ONLINE PMT ***********2660",Credit Card Payment,-333.33,Posted
2025-09-15,"AT&T","ATT              PAYMENT    ***********PAYE",Bills & Utilities,-242.70,Posted
2025-09-15,"Valleydentalpediatricsn","valleydentalpediatricsn  607-7543903  NY",Doctor,-295.00,Posted
2025-09-15,"Sacred Bloom","SACRED BLOOM             VESTAL       NY",Cash,-178.50,Posted
2025-09-15,"Aiello's Restaurant Whitney Pointny","TST* AIELLO'S RESTAURAN  WHITNEY POINTNY",Restaurants,-94.99,Posted
2025-09-15,"Price Chopper","PRICE CHOPPER #161       NORWICH      NY",Groceries,-75.92,Posted
2025-09-15,"Mirabito","MIRABITO #112- GREENE    GREENE       NY",Gas,-42.50,Posted
2025-09-15,"Mirabito","MIRABITO #112- GREENE    GREENE       NY",Gas,-23.50,Posted
2025-09-15,"Burger King","BURGER KING #1416        https://prod.NY",Fast Food,-21.89,Posted
2025-09-15,"Jersey Mike's Subs","JERSEY MIKES ONLINE UC   https://prod.NJ",Fast Food,-18.25,Posted
2025-09-15,"Regal","REGAL BINGHAMTON  1732   BINGHAMTON   NY",Movies & Dvds,-17.19,Posted
2025-09-15,"Dollar General","DOLLAR GENERAL #20396    BINGHAMTON   NY",Shopping,-16.98,Posted
2025-09-15,"Aldi","ALDI 65049               CHENANGO BRIDNY",Groceries,-13.10,Posted
2025-09-15,"Regal","REGAL BINGHAMTON  1732   BINGHAMTON   NY",Movies & Dvds,-11.07,Posted
2025-09-15,"Price Chopper","PRICE CHOPPER #161       NORWICH      NY",Groceries,-6.83,Posted
2025-09-15,"Stewart's Shops","STEWART'S SHOP # 476     OXFORD       NY",Gas,-6.51,Posted
2025-09-15,"ATM Fee Rebate","ATM REBATE",Atm Fee,3.50,Posted
2025-09-15,"Social Security","SSA  TREAS 310   XXSOC SEC  *********** SSA",Income,3025.00,Posted
2025-09-12,"Interest Paid","INTEREST PAID",Interest Income,0.01,Posted
2025-09-12,"Stewart's Shops","STEWART'S SHOP # 40 N C  OXFORD       NY",Gas,-33.77,Posted
2025-09-12,"Spiedie and Rib Pit","SPIEDIE AND RIB PIT      BINGHAMTON   NY",Restaurants,-25.88,Posted
2025-09-12,"Regal Cinemas","REGAL CINEMAS INC        877-835-5734 TN",Movies & Dvds,-0.50,Posted
2025-09-12,"Regal Cinemas","REGAL CINEMAS INC        877-835-5734 TN",Movies & Dvds,-0.50,Posted
2025-09-11,"Binghamton Mobi","BINGHAMTON MOBI          BINGHAMTON   NY",Cash,-188.50,Posted
2025-09-11,"Marshalls","MARSHALLS #1488          NORWICH      NY",Shopping,-98.00,Posted
2025-09-11,"Aldi","ALDI 65049               CHENANGO BRIDNY",Groceries,-38.06,Posted
2025-09-11,"Regal Cinemas","REGAL CINEMAS INC        877-835-5734 TN",Movies & Dvds,-1.00,Posted
2025-09-11,"ATM Fee Rebate","ATM REBATE",Atm Fee,3.50,Posted
2025-09-11,"Defense Finance and Accounting Service","DFAS-CLEVELAND   ALLOTMENT  ***********2248",Paycheck,500.00,Posted
2025-09-10,"Stewart's Shops","STEWART'S SHOP # 476     OXFORD       NY",Gas,-49.53,Posted
2025-09-10,"Mobile Deposit","DEPOSIT@MOBILE",Income,3017.90,Posted
2025-09-08,"TJ Maxx","T J MAXX #1164           ONEONTA      NY",Shopping,-210.80,Posted
2025-09-08,"Dollar Tree","DOLLAR TREE              ONEONTA      NY",Shopping,-63.62,Posted
2025-09-08,"Five Guys","FIVE GUYS NY 1820 ECOM   407-952-2524 NY",Fast Food,-39.69,Posted
2025-09-08,"Burger King","BURGER KING #11695       https://prod.NY",Fast Food,-14.48,Posted
2025-09-05,"Pizza Hut","PIZZA HUT 041769         https://ipchaNY",Fast Food,-31.31,Posted
2025-09-05,"Burger King","BURGER KING #2019        https://prod.NY",Fast Food,-9.05,Posted
2025-09-05,"Burger King","BURGER KING #2019        https://prod.NY",Fast Food,-7.26,Posted
2025-09-02,"Cara Elizabeth Inc","WP*Cara Elizabeth INC    Brooklyn     NY",Spa & Massage,-33.00,Posted
2025-09-02,"Burger King","BURGER KING #1416        https://prod.NY",Fast Food,-24.99,Posted
2025-09-02,"discovery+","discovery+               012-3456789  TN",Television,-9.99,Posted
2025-08-28,"Myminifactory London","MYMINIFACTORY            LONDON",Arts,-18.88,Posted
2025-08-28,"Burger King","BURGER KING #2019        https://prod.NY",Fast Food,-13.66,Posted
2025-08-27,"Petstreetstation","WWW.PETSTREETSTATION.C   607-3367387  NY",Pets,-409.70,Posted
2025-08-27,"Amazon Prime Membership","AMAZON PRIME*KR55K3RC3   888-802-3080 WA",Shopping,-19.99,Posted
2025-08-27,"Pizza Hut","PIZZA HUT 041769         https://ipchaNY",Fast Food,-12.96,Posted
2025-08-27,"NYSLRS Pension","NYSLRS           PENSION PR ***********2132",Income,644.97,Posted
2025-08-27,"Defense Finance and Accounting Service","DFAS-CLEVELAND   ALLOTMENT  ***********2248",Paycheck,500.00,Posted
2025-08-26,"Burger King","BURGER KING #2019        https://prod.NY",Fast Food,-16.10,Posted
2025-08-25,"Pizza Hut","PIZZA HUT 041764         https://ipchaNY",Fast Food,-17.82,Posted
2025-08-22,"Sonic","SONIC DRIVE IN #6120     817-428-2077 NY",Fast Food,-31.00,Posted
2025-08-21,"TJX Rewards Credit Card","TJX Rew MstrCRD  SYF PAYMNT ***********1748",Credit Card Payment,-89.00,Posted
2025-08-21,"Burger King","BURGER KING #1416        https://prod.NY",Fast Food,-23.53,Posted
2025-08-21,"Regal Cinemas","REGAL CINEMAS INC        877-835-5734 TN",Movies & Dvds,-1.50,Posted
2025-08-20,"New York State Electric & Gas","NYSEG            WEB_PAY    ***********1925",Utilities,-1252.36,Posted
2025-08-20,"Amazon","AMAZON MKTPL*304AZ5363   Amzn.com/billWA",Shopping,-21.58,Posted
2025-08-20,"Amazon","AMAZON MKTPL*WF50I2HN3   Amzn.com/billWA",Shopping,-14.03,Posted
2025-08-20,"Amazon","AMAZON MKTPL*PB8M80ZW3   Amzn.com/billWA",Shopping,-14.03,Posted
2025-08-20,"Amazon","AMAZON MKTPL*5M7CI7F73   Amzn.com/billWA",Shopping,-13.94,Posted
2025-08-19,"USAA Loan Payment","USAA LOAN PAYMENT",Financial,-1087.76,Posted
2025-08-19,"Amazon","AMAZON MKTPL*Q14I81NF3   Amzn.com/billWA",Shopping,-65.35,Posted
2025-08-19,"Amazon","AMAZON MKTPL*KY7GO6PQ3   Amzn.com/billWA",Shopping,-26.98,Posted
2025-08-19,"Amazon","AMAZON MKTPL*QA7ZY5963   Amzn.com/billWA",Shopping,-11.78,Posted
2025-08-19,"Amazon","AMAZON MKTPL*AQ4P00CS3   Amzn.com/billWA",Shopping,-11.78,Posted
2025-08-18,"Amazon","AMAZON MKTPL*WW54F94N3   Amzn.com/billWA",Shopping,-90.58,Posted
2025-08-18,"Regal Cinemas","REGALCINEMASUNLIMITED    877-835-5734 TN",Movies & Dvds,-24.49,Posted
2025-08-18,"Regal Cinemas","REGALCINEMASUNLIMITED    877-835-5734 TN",Movies & Dvds,-24.49,Posted
2025-08-18,"Walmart+","WMT PLUS Aug 2025        800-966-6546 AR",Shopping,-13.99,Posted
2025-08-18,"Regal Cinemas","REGAL CINEMAS INC        877-835-5734 TN",Movies & Dvds,-1.00,Posted
2025-08-18,"Social Security","SSA  TREAS 310   XXSOC SEC  *********** SSA",Income,3025.00,Posted
2025-08-14,"Interest Paid","INTEREST PAID",Interest Income,0.01,Posted
2025-08-14,"AT&T","ATT              PAYMENT    ***********PAYZ",Bills & Utilities,-242.70,Posted
2025-08-13,"Defense Finance and Accounting Service","DFAS-CLEVELAND   ALLOTMENT  ***********2248",Paycheck,500.00,Posted
2025-08-12,"Brooks Brothers","BROOKS BROTHERS 06719    SYRACUSE     NY",Clothing,-309.08,Posted
2025-08-12,"Peacock TV","PAYPAL *PEACOCKTVLL D91  402-935-7733 NY",Television,-13.99,Posted
2025-08-11,"Pai ATM","PAI ATM                  SYRACUSE     NY",Cash,-213.50,Posted
2025-08-11,"Burger King","BURGER KING #2019        https://prod.NY",Fast Food,-20.27,Posted
2025-08-11,"Burger King","BURGER KING #2019        https://prod.NY",Fast Food,-7.32,Posted
2025-08-11,"ATM Fee Rebate","ATM REBATE",Atm Fee,3.50,Posted
2025-08-08,"Pizza Hut","PIZZA HUT 041764         https://ipchaNY",Fast Food,-31.31,Posted
2025-08-07,"Burger King","BURGER KING #2019        https://prod.NY",Fast Food,-11.76,Posted
2025-08-07,"TJ Maxx","TJMAXX #0770             VESTAL       NY",Clothing,50.93,Posted
2025-08-06,"HomeGoods","HOMEGOODS #214           VESTAL       NY",Furnishings,-399.95,Posted
2025-08-06,"HomeGoods","HOMEGOODS #214           VESTAL       NY",Furnishings,-264.03,Posted
2025-08-06,"Sonic","SONIC DRIVE IN #6120     817-428-2077 NY",Fast Food,-30.78,Posted
2025-08-06,"Sonic","SONIC DRIVE IN #6120     817-428-2077 NY",Fast Food,-10.00,Posted
2025-08-05,"Speedway","SPEEDWAY 44976           VESTAL       NY",Gas,-51.48,Posted
2025-08-05,"Target","TARGET        00010561   VESTAL       NY",Shopping,27.56,Posted
2025-08-04,"American Express Credit Card","AMEX EPAYMENT    ACH PMT    ***********3118",Credit Card Payment,-250.00,Posted
2025-08-04,"Target","TARGET        00010561   VESTAL       NY",Shopping,-220.75,Posted
2025-08-04,"Red Lobster","RED LOBSTER 0180         VESTAL       NY",Restaurants,-140.34,Posted
2025-08-04,"Sonic","SONIC DRIVE IN #6120     817-428-2077 NY",Fast Food,-31.89,Posted
2025-08-04,"Burger King","BURGER KING #2019        https://prod.NY",Fast Food,-25.16,Posted
2025-08-04,"Patreon","Patreon Patreon* Membershwww.patreon.cCA",Entertainment,-22.00,Posted
2025-08-04,"Disney+","PAYPAL *DISNEY PLUS      402-935-7733 CA",Television,-19.99,Posted
2025-07-31,"Bonnie's","SQ *BONNIE'S             GREENE       NY",Restaurants,-42.89,Posted
2025-07-30,"Cara Elizabeth Inc","WP*Cara Elizabeth INC    Brooklyn     NY",Spa & Massage,-33.00,Posted
2025-07-30,"discovery+","discovery+               012-3456789  TN",Television,-9.99,Posted
2025-07-30,"Defense Finance and Accounting Service","DFAS-CLEVELAND   ALLOTMENT  ***********2248",Paycheck,500.00,Posted
2025-07-29,"Burger King","BURGER KING #1416        https://prod.NY",Fast Food,-20.37,Posted
2025-07-29,"Regal Cinemas","REGAL CINEMAS INC        877-835-5734 TN",Movies & Dvds,-1.50,Posted
2025-07-29,"NYSLRS Pension","NYSLRS           PENSION PR ***********8722",Income,644.97,Posted
2025-07-28,"Red Lobster","RED LOBSTER 0180         VESTAL       NY",Restaurants,-157.33,Posted
2025-07-28,"Amazon Prime Membership","AMAZON PRIME*N18IL12J2   888-802-3080 WA",Shopping,-19.99,Posted
2025-07-25,"Amazon","AMAZON MKTPL*722MJ8PY3   Amzn.com/billWA",Shopping,-79.92,Posted
2025-07-25,"Amazon","AMAZON MKTPL*7P6OQ5WZ3   Amzn.com/billWA",Shopping,-9.71,Posted
2025-07-24,"Amazon","AMAZON.COM               SEATTLE      WA",Shopping,-205.19,Posted
2025-07-24,"Amazon","Amazon.com*DZ60G9333     Amzn.com/billWA",Shopping,-30.36,Posted
2025-07-23,"Walmart","Walmart.com              Bentonville  AR",Shopping,-54.43,Posted
2025-07-23,"Burger King","BURGER KING #1416        https://prod.NY",Fast Food,-12.27,Posted
2025-07-22,"Walmart","WM SUPERCENTER #         NORWICH      NY",Shopping,-275.02,Posted
2025-07-21,"Sunoco","SUNOCO 0267244200        ROSCOE       NY",Gas,-65.75,Posted
2025-07-21,"Burger King","BURGER KING #13136       https://prod.NY",Fast Food,-12.87,Posted
2025-07-21,"Burger King","BURGER KING #1416        https://prod.NY",Fast Food,-11.58,Posted
2025-07-21,"Dunkin'","DUNKIN #347587 Q35       207-797-7600 NY",Coffee Shops,-9.81,Posted
2025-07-21,"Dunkin' & Baskin-Robbins","DD/BR #344580 Q35        ORANGEBURG   NY",Food & Dining,-8.87,Posted
2025-07-21,"Yellow Lot","JFK YELLOW LOT           JAMAICA      NY",Parking,-6.00,Posted
2025-07-21,"Parking Kiosk","PARKING KIOSK            BINGHAMTON   NY",Parking,-3.00,Posted
2025-07-18,"Five Guys","FIVE GUYS NY 1820 ECOM   407-952-2524 NY",Fast Food,-36.68,Posted
2025-07-18,"Pizza Hut","PIZZA HUT 041764         SIDNEY       NY",Fast Food,-31.31,Posted
2025-07-18,"Regal Cinemas","REGAL CINEMAS INC        877-835-5734 TN",Movies & Dvds,-15.99,Posted
2025-07-18,"Dunkin'","DUNKIN #364201 Q35       413-562-2657 MA",Coffee Shops,-8.65,Posted
2025-07-17,"Turners Seafood","TST*TURNERS SEAFOOD - S  Salem        MA",Food & Dining,-115.52,Posted
2025-07-17,"Sea Level Oyster Ba","TST*SEA LEVEL OYSTER BA  Salem        MA",Restaurants,-67.42,Posted
2025-07-17,"Pilot Flying J","PILOT_00494              ROTTERDAM    NY",Gas,-29.40,Posted
2025-07-17,"Speedway","SPEEDWAY 44178           BEVERLY      MA",Gas,-27.75,Posted
2025-07-17,"Regal Cinemas","REGALCINEMASUNLIMITED    877-835-5734 TN",Movies & Dvds,-24.49,Posted
2025-07-17,"Regal Cinemas","REGALCINEMASUNLIMITED    877-835-5734 TN",Movies & Dvds,-24.49,Posted
2025-07-17,"Burger King","BURGER KING #669         https://prod.MA",Fast Food,-2.87,Posted
2025-07-16,"Sea Level Oyster Ba","TST*SEA LEVEL OYSTER BA  Salem        MA",Restaurants,-67.41,Posted
2025-07-16,"Burger King","BURGER KING #669         https://prod.MA",Fast Food,-15.55,Posted
2025-07-16,"Walmart+","WMT PLUS JUL 2025        WALMART.COM  AR",Shopping,-13.99,Posted
2025-07-16,"Defense Finance and Accounting Service","DFAS-CLEVELAND   ALLOTMENT  ***********2248",Paycheck,500.00,Posted
2025-07-15,"American Express Credit Card","AMEX EPAYMENT    ACH PMT    ***********0080",Credit Card Payment,-300.00,Posted
2025-07-15,"AT&T","ATT              PAYMENT    ***********PAYU",Bills & Utilities,-199.48,Posted
2025-07-15,"Amazon","AMAZON MKTPL*WF5A76623   Amzn.com/billWA",Shopping,-118.63,Posted
2025-07-14,"Interest Paid","INTEREST PAID",Interest Income,0.01,Posted
2025-07-14,"ICPayment","ICPAYMENT",Transfer,-543.88,Posted
2025-07-14,"Gulf Oil","GULF MART 854            CHARLTON     MA",Gas,-49.00,Posted
2025-07-14,"Peacock TV","PAYPAL *PEACOCKTVLL X86  402-935-7733 NY",Television,-13.99,Posted
2025-07-14,"Social Security","SSA  TREAS 310   XXSOC SEC  *********** SSA",Income,3025.00,Posted
2025-07-10,"American Express Credit Card","AMEX EPAYMENT    ACH PMT    ***********6464",Credit Card Payment,-150.00,Posted
2025-07-09,"Amazon","AMAZON MKTPL*NL4LN35U0   Amzn.com/billWA",Shopping,-63.00,Posted
2025-07-08,"Sacred Expansion Sacredexpansifl","SACRED EXPANSION         SACREDEXPANSIFL",Business Services,-33.33,Posted
2025-07-08,"Burger King","BURGER KING #1416        https://prod.NY",Fast Food,-17.65,Posted
2025-07-08,"Regal Cinemas","REGAL CINEMAS INC        877-835-5734 TN",Movies & Dvds,-1.50,Posted
2025-07-07,"Sam's Club","SAMSCLUB #6366           VESTAL       NY",Shopping,-303.69,Posted
2025-07-07,"Bambulabusa","PAYPAL *BAMBULABUSA      512-915-9986 TX",Business Services,-153.26,Posted
2025-07-07,"Patreon","Patreon Patreon* Membershwww.patreon.cCA",Entertainment,-22.00,Posted
2025-07-03,"Disney+","PAYPAL *DISNEY PLUS      402-935-7733 CA",Television,-19.99,Posted
2025-07-03,"Burger King","BURGER KING #1416        https://prod.NY",Fast Food,-11.34,Posted
2025-07-02,"Amazon","AMAZON MKTPL*N34BW6662   Amzn.com/billWA",Shopping,-98.17,Posted
2025-07-02,"Amazon","AMAZON MKTPL*N34Q94J20   Amzn.com/billWA",Shopping,-63.56,Posted
2025-07-02,"Burger King","BURGER KING #2019        https://prod.NY",Fast Food,-8.65,Posted
2025-07-01,"Walmart","WM SUPERCENTER #2120     NORWICH      NY",Shopping,-55.68,Posted
2025-07-01,"Amazon","AMAZON MKTPL*N38GN0BJ2   Amzn.com/billWA",Shopping,-8.63,Posted
2025-07-01,"Defense Finance and Accounting Service","DFAS-CLEVELAND   ALLOTMENT  ***********2248",Paycheck,500.00,Posted
2025-06-30,"CITGO","CITGO GUILFORD DELI   I  GUILFORD     NY",Gas,-64.79,Posted
2025-06-30,"Lowe's","LOWES #02399*            NORWICH      NY",Home Improvement,-52.03,Posted
2025-06-30,"Cara Elizabeth Inc","WP*Cara Elizabeth INC    Brooklyn     NY",Spa & Massage,-33.00,Posted
2025-06-30,"Pizza Hut","PIZZA HUT 041764         https://ipchaNY",Fast Food,-31.31,Posted
2025-06-30,"discovery+","discovery+               012-3456789  TN",Television,-9.99,Posted
2025-06-30,"Speedway","SPEEDWAY 44951           BAINBRIDGE   NY",Gas,-4.51,Posted
2025-06-30,"Pyn Stylevana Online","PYN*Stylevana            Online",Personal Care,11.01,Posted
2025-06-27,"Amazon Prime Membership","AMAZON PRIME*NQ10A3G71   888-802-3080 WA",Shopping,-19.99,Posted
2025-06-26,"NYSLRS Pension","NYSLRS           PENSION PR ***********6237",Income,644.97,Posted
2025-06-25,"Amazon","AMAZON MKTPL*NQ6JS1O41   Amzn.com/billWA",Shopping,-53.99,Posted
2025-06-25,"Applebee's","APPLEBEES 9748           ONEONTA      NY",Restaurants,-27.52,Posted
